iter	Logloss
0	0.6231837715
1	0.5751032403
2	0.5312725595
3	0.5014572533
4	0.4736293768
5	0.45320847
6	0.4380084284
7	0.4210056633
8	0.4098136212
9	0.4020644263
